{"stat.walkOneCm":23389,"stat.pickup.minecraft.bone":2,"stat.playerKills":1,"stat.leaveGame":2,"stat.pickup.minecraft.arrow":3,"stat.damageTaken":601,"stat.useItem.futuremc.sweet_berries":9,"stat.mobKills":1,"stat.pickup.futuremc.sweet_berries":11,"stat.flyOneCm":7112,"stat.deaths":2,"stat.drop":2,"stat.jump":99,"stat.swimOneCm":2396,"stat.playOneMinute":65227,"stat.fallOneCm":1649,"stat.sneakTime":37,"stat.entityKilledBy.Skeleton":1,"stat.damageDealt":186,"stat.crouchOneCm":8,"stat.killEntity.Zombie":1,"stat.timeSinceDeath":29,"stat.pickup.minecraft.dirt":6,"stat.useItem.minecraft.dirt":2,"stat.sprintOneCm":14439,"stat.drop.futuremc.sweet_berries":2,"stat.diveOneCm":598}