{"stat.walkOneCm":124643,"stat.pickup.minecraft.bone":2,"stat.playerKills":1,"stat.leaveGame":2,"stat.drop.minecraft.rotten_flesh":2,"stat.pickup.minecraft.arrow":5,"stat.useItem.minecraft.log":1,"stat.craftItem.minecraft.crafting_table":2,"stat.mineBlock.minecraft.yellow_flower":3,"stat.pickup.minecraft.wooden_sword":2,"stat.pickup.minecraft.log":360,"stat.useItem.minecraft.rotten_flesh":4,"stat.swimOneCm":6604,"stat.jump":426,"stat.fallOneCm":8396,"stat.craftItem.lumberjack.wood_lumberaxe":2,"stat.entityKilledBy.Skeleton":4,"stat.drop.minecraft.sapling":1,"stat.crouchOneCm":8,"stat.pickup.minecraft.spider_eye":2,"stat.pickup.minecraft.sapling":19,"stat.useItem.minecraft.dirt":7,"stat.pickup.minecraft.dirt":77,"stat.sprintOneCm":83134,"stat.drop.futuremc.sweet_berries":6,"stat.useItem.minecraft.stone_slab2":8,"stat.craftItem.minecraft.stick":8,"stat.craftingTableInteraction":5,"stat.pickup.minecraft.rotten_flesh":8,"stat.killEntity.Skeleton":1,"stat.craftItem.minecraft.planks":24,"stat.damageTaken":1937,"stat.useItem.futuremc.sweet_berries":37,"stat.killEntity.Spider":1,"stat.mobKills":6,"stat.craftItem.minecraft.wooden_sword":1,"stat.mineBlock.minecraft.log":125,"stat.pickup.minecraft.planks":4,"stat.pickup.futuremc.sweet_berries":53,"stat.flyOneCm":45595,"stat.deaths":5,"stat.drop":10,"stat.mineBlock.minecraft.leaves":3,"stat.playOneMinute":89527,"stat.useItem.minecraft.wooden_sword":16,"stat.useItem.lumberjack.wood_lumberaxe":118,"stat.sneakTime":37,"stat.damageDealt":1047,"stat.killEntity.Zombie":4,"stat.timeSinceDeath":3334,"stat.drop.minecraft.yellow_flower":1,"stat.pickup.minecraft.yellow_flower":7,"stat.mineBlock.minecraft.dirt":6,"stat.diveOneCm":2735}