{"stat.pickup.minecraft.rotten_flesh":2,"stat.walkOneCm":76168,"stat.pickup.minecraft.bone":2,"stat.playerKills":1,"stat.craftItem.minecraft.planks":16,"stat.leaveGame":2,"stat.drop.minecraft.rotten_flesh":2,"stat.pickup.minecraft.arrow":3,"stat.damageTaken":937,"stat.useItem.futuremc.sweet_berries":21,"stat.craftItem.minecraft.crafting_table":1,"stat.mobKills":2,"stat.mineBlock.minecraft.log":125,"stat.pickup.futuremc.sweet_berries":33,"stat.pickup.minecraft.log":124,"stat.flyOneCm":16852,"stat.deaths":2,"stat.drop":9,"stat.jump":253,"stat.swimOneCm":6604,"stat.mineBlock.minecraft.leaves":3,"stat.playOneMinute":77827,"stat.fallOneCm":3294,"stat.craftItem.lumberjack.wood_lumberaxe":2,"stat.useItem.lumberjack.wood_lumberaxe":118,"stat.sneakTime":37,"stat.entityKilledBy.Skeleton":1,"stat.damageDealt":383,"stat.drop.minecraft.sapling":1,"stat.crouchOneCm":8,"stat.killEntity.Zombie":2,"stat.timeSinceDeath":12629,"stat.pickup.minecraft.sapling":15,"stat.pickup.minecraft.dirt":15,"stat.useItem.minecraft.dirt":7,"stat.sprintOneCm":32440,"stat.mineBlock.minecraft.dirt":6,"stat.drop.futuremc.sweet_berries":6,"stat.useItem.minecraft.stone_slab2":6,"stat.diveOneCm":2735,"stat.craftItem.minecraft.stick":4,"stat.craftingTableInteraction":4}