{"stat.pickup.minecraft.bone":13,"stat.leaveGame":20,"stat.mineBlock.minecraft.cobblestone":67,"stat.pickup.minecraft.stone_pickaxe":19,"stat.pickup.minecraft.flint":10,"stat.mineBlock.minecraft.yellow_flower":3,"stat.swimOneCm":62993,"stat.climbOneCm":959,"stat.craftItem.lumberjack.wood_lumberaxe":4,"stat.useItem.minecraft.dirt":5359,"stat.useItem.minecraft.stone_slab2":250,"stat.drop.minecraft.iron_sword":1,"stat.pickup.minecraft.rotten_flesh":27,"stat.pickup.minecraft.sand":2,"stat.entityKilledBy.Spider":2,"stat.useItem.minecraft.iron_ore":2,"stat.craftItem.minecraft.stone_pickaxe":40,"stat.craftItem.minecraft.cooked_beef":2,"stat.pickup.minecraft.cobblestone":4346,"stat.pickup.futuremc.sweet_berries":89,"stat.useItem.minecraft.stone_shovel":8960,"stat.flyOneCm":1742858,"stat.craftItem.minecraft.iron_shovel":3,"stat.mineBlock.minecraft.sand":2,"stat.drop.minecraft.wheat_seeds":5,"stat.useItem.minecraft.cooked_beef":2,"stat.mineBlock.minecraft.iron_ore":31,"stat.timeSinceDeath":242991,"stat.useItem.minecraft.iron_pickaxe":13,"stat.pickup.minecraft.mutton":16,"stat.drop.minecraft.cooked_mutton":1,"stat.craftItem.minecraft.bed":4,"stat.pickup.minecraft.wooden_axe":3,"stat.furnaceInteraction":16,"stat.drop.minecraft.dirt":1,"stat.mineBlock.futuremc.cornflower":7,"stat.mineBlock.minecraft.coal_ore":112,"stat.talkedToVillager":1,"stat.pickup.minecraft.wooden_sword":2,"stat.pickup.minecraft.string":4,"stat.pickup.minecraft.beef":6,"stat.useItem.minecraft.cooked_mutton":5,"stat.entityKilledBy.Skeleton":5,"stat.craftItem.minecraft.stone_slab2":0,"stat.killEntity.Squid":1,"stat.craftItem.futuremc.dye":7,"stat.sprintOneCm":832542,"stat.useItem.minecraft.fence":23,"stat.craftItem.minecraft.stick":296,"stat.craftItem.minecraft.wooden_axe":1,"stat.mineBlock.minecraft.fence":13,"stat.useItem.minecraft.wheat_seeds":163,"stat.mineBlock.minecraft.crafting_table":11,"stat.useItem.minecraft.carrot":31,"stat.deaths":16,"stat.mineBlock.minecraft.planks":4,"stat.drop":21,"stat.pickup.minecraft.egg":7,"stat.playOneMinute":776786,"stat.useItem.minecraft.wooden_sword":16,"stat.useItem.lumberjack.wood_lumberaxe":218,"stat.killEntity.Sheep":5,"stat.craftItem.minecraft.iron_pickaxe":2,"stat.killEntity.Zombie":10,"stat.mineBlock.minecraft.tallgrass":277,"stat.craftItem.minecraft.cooked_mutton":6,"stat.diveOneCm":135650,"stat.pickup.minecraft.wheat":159,"stat.chestOpened":110,"stat.useItem.minecraft.stone":39,"stat.pickup.minecraft.gravel":62,"stat.pickup.minecraft.arrow":23,"stat.pickup.minecraft.wooden_pressure_plate":2,"stat.useItem.minecraft.apple":2,"stat.useItem.minecraft.rotten_flesh":4,"stat.jump":8448,"stat.pickup.minecraft.fence":26,"stat.pickup.minecraft.coal":328,"stat.fallOneCm":186076,"stat.pickup.minecraft.carrot":102,"stat.craftItem.minecraft.bread":45,"stat.crouchOneCm":88504,"stat.mineBlock.minecraft.chest":2,"stat.pickup.minecraft.spider_eye":3,"stat.craftItem.minecraft.chest":7,"stat.craftItem.minecraft.iron_ingot":44,"stat.pickup.minecraft.dirt":15351,"stat.drop.futuremc.sweet_berries":14,"stat.craftingTableInteraction":69,"stat.pickup.minecraft.iron_ore":77,"stat.mineBlock.minecraft.wooden_pressure_plate":1,"stat.pickup.minecraft.stone_shovel":18,"stat.mineBlock.minecraft.glass_pane":1,"stat.damageTaken":6506,"stat.useItem.futuremc.sweet_berries":65,"stat.pickup.minecraft.leather":5,"stat.pickup.minecraft.feather":2,"stat.pickup.lumberjack.wood_lumberaxe":1,"stat.mineBlock.minecraft.torch":3,"stat.craftItem.minecraft.wooden_sword":1,"stat.pickup.minecraft.dye":3,"stat.pickup.minecraft.planks":38,"stat.pickup.minecraft.bed":14,"stat.pickup.minecraft.wheat_seeds":539,"stat.pickup.minecraft.potato":13,"stat.entityKilledBy.Zombie":4,"stat.mineBlock.minecraft.gravel":80,"stat.useItem.minecraft.stone_pickaxe":4050,"stat.craftItem.minecraft.iron_leggings":2,"stat.damageDealt":3605,"stat.useItem.minecraft.wool":1,"stat.sleepInBed":54,"stat.killEntity.Cow":1,"stat.mineBlock.minecraft.dirt":9009,"stat.useItem.minecraft.crafting_table":1,"stat.craftItem.minecraft.iron_sword":2,"stat.craftItem.minecraft.stone_shovel":80,"stat.walkOneCm":2288697,"stat.useItem.minecraft.bread":38,"stat.animalsBred":13,"stat.playerKills":1,"stat.useItem.minecraft.chest":2,"stat.drop.minecraft.rotten_flesh":2,"stat.useItem.minecraft.log":1,"stat.pickup.minecraft.crafting_table":12,"stat.useItem.minecraft.cobblestone":996,"stat.craftItem.minecraft.crafting_table":8,"stat.pickup.futuremc.dye":2,"stat.useItem.minecraft.gravel":30,"stat.mineBlock.minecraft.double_plant":12,"stat.pickup.minecraft.log":696,"stat.pickup.minecraft.stone":897,"stat.drop.minecraft.sapling":1,"stat.craftItem.minecraft.iron_chestplate":2,"stat.pickup.minecraft.sapling":43,"stat.pickup.minecraft.apple":1,"stat.killEntity.Skeleton":2,"stat.craftItem.minecraft.planks":360,"stat.useItem.minecraft.iron_sword":10,"stat.pickup.futuremc.cornflower":68,"stat.drop.futuremc.cornflower":2,"stat.killEntity.Chicken":1,"stat.killEntity.Spider":3,"stat.pickup.minecraft.bread":29,"stat.mobKills":25,"stat.pickup.minecraft.book":168,"stat.mineBlock.minecraft.log":212,"stat.mineBlock.minecraft.bookshelf":14,"stat.craftItem.minecraft.fence":18,"stat.mineBlock.minecraft.leaves":9,"stat.pickup.minecraft.torch":5,"stat.pickup.minecraft.red_flower":28,"stat.sneakTime":22407,"stat.pickup.minecraft.wool":17,"stat.drop.minecraft.yellow_flower":2,"stat.useItem.minecraft.wooden_axe":46,"stat.pickup.minecraft.yellow_flower":13,"stat.mineBlock.minecraft.stone":3839,"stat.pickup.minecraft.chest":2}