{"stat.flyOneCm":706,"stat.deaths":1,"stat.walkOneCm":16561,"stat.drop":2,"stat.jump":42,"stat.swimOneCm":1167,"stat.playerKills":1,"stat.playOneMinute":53527,"stat.fallOneCm":418,"stat.leaveGame":2,"stat.sneakTime":37,"stat.damageTaken":346,"stat.useItem.futuremc.sweet_berries":9,"stat.damageDealt":15,"stat.crouchOneCm":8,"stat.timeSinceDeath":1939,"stat.pickup.minecraft.dirt":6,"stat.sprintOneCm":13,"stat.drop.futuremc.sweet_berries":2,"stat.diveOneCm":598,"stat.pickup.futuremc.sweet_berries":11}