{"stat.chestOpened":7,"stat.pickup.minecraft.bone":8,"stat.leaveGame":2,"stat.pickup.minecraft.arrow":13,"stat.mineBlock.minecraft.cobblestone":4,"stat.pickup.minecraft.wooden_pressure_plate":2,"stat.pickup.minecraft.stone_pickaxe":2,"stat.mineBlock.minecraft.yellow_flower":3,"stat.useItem.minecraft.apple":1,"stat.useItem.minecraft.rotten_flesh":4,"stat.swimOneCm":8116,"stat.jump":1447,"stat.pickup.minecraft.fence":3,"stat.fallOneCm":34443,"stat.climbOneCm":959,"stat.craftItem.lumberjack.wood_lumberaxe":2,"stat.pickup.minecraft.carrot":102,"stat.crouchOneCm":867,"stat.mineBlock.minecraft.chest":1,"stat.pickup.minecraft.spider_eye":2,"stat.craftItem.minecraft.chest":1,"stat.useItem.minecraft.dirt":70,"stat.pickup.minecraft.dirt":1082,"stat.drop.futuremc.sweet_berries":14,"stat.useItem.minecraft.stone_slab2":25,"stat.craftingTableInteraction":14,"stat.pickup.minecraft.iron_ore":7,"stat.pickup.minecraft.rotten_flesh":26,"stat.mineBlock.minecraft.wooden_pressure_plate":1,"stat.pickup.minecraft.stone_shovel":8,"stat.mineBlock.minecraft.glass_pane":1,"stat.damageTaken":3969,"stat.useItem.futuremc.sweet_berries":65,"stat.pickup.minecraft.leather":4,"stat.useItem.minecraft.iron_ore":2,"stat.craftItem.minecraft.stone_pickaxe":1,"stat.pickup.minecraft.cobblestone":81,"stat.craftItem.minecraft.wooden_sword":1,"stat.pickup.minecraft.planks":13,"stat.pickup.futuremc.sweet_berries":89,"stat.useItem.minecraft.stone_shovel":273,"stat.flyOneCm":244705,"stat.pickup.minecraft.bed":6,"stat.pickup.minecraft.wheat_seeds":42,"stat.pickup.minecraft.potato":13,"stat.drop.minecraft.wheat_seeds":2,"stat.entityKilledBy.Zombie":1,"stat.useItem.minecraft.stone_pickaxe":41,"stat.damageDealt":2088,"stat.mineBlock.minecraft.iron_ore":4,"stat.sleepInBed":5,"stat.timeSinceDeath":14060,"stat.mineBlock.minecraft.dirt":282,"stat.useItem.minecraft.iron_pickaxe":12,"stat.craftItem.minecraft.stone_shovel":6,"stat.walkOneCm":263109,"stat.craftItem.minecraft.bed":3,"stat.useItem.minecraft.bread":8,"stat.playerKills":1,"stat.pickup.minecraft.wooden_axe":3,"stat.drop.minecraft.rotten_flesh":2,"stat.useItem.minecraft.log":1,"stat.pickup.minecraft.crafting_table":4,"stat.useItem.minecraft.cobblestone":10,"stat.craftItem.minecraft.crafting_table":3,"stat.pickup.futuremc.dye":2,"stat.drop.minecraft.dirt":1,"stat.mineBlock.futuremc.cornflower":4,"stat.talkedToVillager":1,"stat.pickup.minecraft.wooden_sword":2,"stat.pickup.minecraft.log":593,"stat.pickup.minecraft.beef":4,"stat.entityKilledBy.Skeleton":5,"stat.pickup.minecraft.stone":8,"stat.drop.minecraft.sapling":1,"stat.pickup.minecraft.sapling":25,"stat.craftItem.futuremc.dye":3,"stat.sprintOneCm":192818,"stat.craftItem.minecraft.stick":32,"stat.craftItem.minecraft.wooden_axe":1,"stat.killEntity.Skeleton":1,"stat.craftItem.minecraft.planks":52,"stat.pickup.futuremc.cornflower":6,"stat.mineBlock.minecraft.fence":1,"stat.killEntity.Spider":1,"stat.mineBlock.minecraft.crafting_table":3,"stat.pickup.minecraft.bread":5,"stat.useItem.minecraft.carrot":8,"stat.mobKills":12,"stat.pickup.minecraft.book":168,"stat.mineBlock.minecraft.log":125,"stat.mineBlock.minecraft.bookshelf":14,"stat.deaths":10,"stat.mineBlock.minecraft.planks":4,"stat.drop":15,"stat.mineBlock.minecraft.leaves":4,"stat.pickup.minecraft.egg":7,"stat.playOneMinute":148492,"stat.useItem.minecraft.wooden_sword":16,"stat.useItem.lumberjack.wood_lumberaxe":118,"stat.pickup.minecraft.red_flower":4,"stat.sneakTime":609,"stat.pickup.minecraft.wool":6,"stat.killEntity.Zombie":9,"stat.drop.minecraft.yellow_flower":2,"stat.useItem.minecraft.wooden_axe":46,"stat.pickup.minecraft.yellow_flower":13,"stat.mineBlock.minecraft.stone":36,"stat.mineBlock.minecraft.tallgrass":15,"stat.diveOneCm":3675,"stat.pickup.minecraft.chest":1}