{"stat.pickup.minecraft.bone":8,"stat.leaveGame":2,"stat.mineBlock.minecraft.cobblestone":4,"stat.pickup.minecraft.stone_pickaxe":2,"stat.mineBlock.minecraft.yellow_flower":3,"stat.swimOneCm":8116,"stat.climbOneCm":959,"stat.craftItem.lumberjack.wood_lumberaxe":3,"stat.useItem.minecraft.dirt":244,"stat.useItem.minecraft.stone_slab2":32,"stat.pickup.minecraft.rotten_flesh":26,"stat.useItem.minecraft.iron_ore":2,"stat.craftItem.minecraft.stone_pickaxe":4,"stat.pickup.minecraft.cobblestone":313,"stat.pickup.futuremc.sweet_berries":89,"stat.useItem.minecraft.stone_shovel":472,"stat.flyOneCm":288388,"stat.drop.minecraft.wheat_seeds":2,"stat.mineBlock.minecraft.iron_ore":5,"stat.timeSinceDeath":38551,"stat.useItem.minecraft.iron_pickaxe":12,"stat.craftItem.minecraft.bed":3,"stat.pickup.minecraft.wooden_axe":3,"stat.drop.minecraft.dirt":1,"stat.mineBlock.futuremc.cornflower":4,"stat.mineBlock.minecraft.coal_ore":11,"stat.talkedToVillager":1,"stat.pickup.minecraft.wooden_sword":2,"stat.pickup.minecraft.beef":4,"stat.entityKilledBy.Skeleton":5,"stat.craftItem.futuremc.dye":3,"stat.sprintOneCm":211688,"stat.craftItem.minecraft.stick":40,"stat.craftItem.minecraft.wooden_axe":1,"stat.mineBlock.minecraft.fence":1,"stat.mineBlock.minecraft.crafting_table":4,"stat.useItem.minecraft.carrot":13,"stat.deaths":10,"stat.mineBlock.minecraft.planks":4,"stat.drop":15,"stat.pickup.minecraft.egg":7,"stat.playOneMinute":172983,"stat.useItem.minecraft.wooden_sword":16,"stat.useItem.lumberjack.wood_lumberaxe":118,"stat.killEntity.Zombie":9,"stat.mineBlock.minecraft.tallgrass":19,"stat.diveOneCm":3675,"stat.chestOpened":7,"stat.pickup.minecraft.arrow":13,"stat.pickup.minecraft.wooden_pressure_plate":2,"stat.useItem.minecraft.apple":1,"stat.useItem.minecraft.rotten_flesh":4,"stat.jump":1639,"stat.pickup.minecraft.fence":3,"stat.pickup.minecraft.coal":11,"stat.fallOneCm":38538,"stat.pickup.minecraft.carrot":102,"stat.crouchOneCm":9655,"stat.mineBlock.minecraft.chest":1,"stat.pickup.minecraft.spider_eye":2,"stat.craftItem.minecraft.chest":1,"stat.pickup.minecraft.dirt":1281,"stat.drop.futuremc.sweet_berries":14,"stat.craftingTableInteraction":19,"stat.pickup.minecraft.iron_ore":8,"stat.mineBlock.minecraft.wooden_pressure_plate":1,"stat.pickup.minecraft.stone_shovel":8,"stat.mineBlock.minecraft.glass_pane":1,"stat.damageTaken":3989,"stat.useItem.futuremc.sweet_berries":65,"stat.pickup.minecraft.leather":4,"stat.craftItem.minecraft.wooden_sword":1,"stat.pickup.minecraft.planks":25,"stat.pickup.minecraft.bed":8,"stat.pickup.minecraft.wheat_seeds":45,"stat.pickup.minecraft.potato":13,"stat.entityKilledBy.Zombie":1,"stat.useItem.minecraft.stone_pickaxe":329,"stat.damageDealt":2088,"stat.sleepInBed":6,"stat.mineBlock.minecraft.dirt":488,"stat.craftItem.minecraft.stone_shovel":10,"stat.walkOneCm":316908,"stat.useItem.minecraft.bread":8,"stat.playerKills":1,"stat.drop.minecraft.rotten_flesh":2,"stat.useItem.minecraft.log":1,"stat.pickup.minecraft.crafting_table":5,"stat.useItem.minecraft.cobblestone":10,"stat.craftItem.minecraft.crafting_table":5,"stat.pickup.futuremc.dye":2,"stat.pickup.minecraft.log":597,"stat.pickup.minecraft.stone":53,"stat.drop.minecraft.sapling":1,"stat.pickup.minecraft.sapling":25,"stat.killEntity.Skeleton":1,"stat.craftItem.minecraft.planks":68,"stat.pickup.futuremc.cornflower":6,"stat.killEntity.Spider":1,"stat.pickup.minecraft.bread":5,"stat.mobKills":12,"stat.pickup.minecraft.book":168,"stat.mineBlock.minecraft.log":129,"stat.mineBlock.minecraft.bookshelf":14,"stat.mineBlock.minecraft.leaves":8,"stat.pickup.minecraft.red_flower":4,"stat.sneakTime":3531,"stat.pickup.minecraft.wool":6,"stat.drop.minecraft.yellow_flower":2,"stat.useItem.minecraft.wooden_axe":46,"stat.pickup.minecraft.yellow_flower":13,"stat.mineBlock.minecraft.stone":313,"stat.pickup.minecraft.chest":1}