{"stat.pickup.minecraft.bone":11,"stat.leaveGame":14,"stat.mineBlock.minecraft.cobblestone":21,"stat.pickup.minecraft.stone_pickaxe":18,"stat.pickup.minecraft.flint":6,"stat.mineBlock.minecraft.yellow_flower":3,"stat.swimOneCm":14955,"stat.climbOneCm":959,"stat.craftItem.lumberjack.wood_lumberaxe":4,"stat.useItem.minecraft.dirt":953,"stat.useItem.minecraft.stone_slab2":157,"stat.pickup.minecraft.rotten_flesh":27,"stat.pickup.minecraft.sand":2,"stat.entityKilledBy.Spider":2,"stat.useItem.minecraft.iron_ore":2,"stat.craftItem.minecraft.stone_pickaxe":28,"stat.pickup.minecraft.cobblestone":3196,"stat.pickup.futuremc.sweet_berries":89,"stat.useItem.minecraft.stone_shovel":8380,"stat.flyOneCm":1010063,"stat.mineBlock.minecraft.sand":2,"stat.drop.minecraft.wheat_seeds":4,"stat.mineBlock.minecraft.iron_ore":28,"stat.timeSinceDeath":34136,"stat.useItem.minecraft.iron_pickaxe":12,"stat.pickup.minecraft.mutton":6,"stat.craftItem.minecraft.bed":4,"stat.pickup.minecraft.wooden_axe":3,"stat.furnaceInteraction":1,"stat.drop.minecraft.dirt":1,"stat.mineBlock.futuremc.cornflower":7,"stat.mineBlock.minecraft.coal_ore":90,"stat.talkedToVillager":1,"stat.pickup.minecraft.wooden_sword":2,"stat.pickup.minecraft.string":2,"stat.pickup.minecraft.beef":4,"stat.entityKilledBy.Skeleton":5,"stat.killEntity.Squid":1,"stat.craftItem.futuremc.dye":3,"stat.sprintOneCm":523923,"stat.craftItem.minecraft.stick":232,"stat.craftItem.minecraft.wooden_axe":1,"stat.mineBlock.minecraft.fence":1,"stat.useItem.minecraft.wheat_seeds":105,"stat.mineBlock.minecraft.crafting_table":8,"stat.useItem.minecraft.carrot":27,"stat.deaths":16,"stat.mineBlock.minecraft.planks":4,"stat.drop":16,"stat.pickup.minecraft.egg":7,"stat.playOneMinute":567931,"stat.useItem.minecraft.wooden_sword":16,"stat.useItem.lumberjack.wood_lumberaxe":179,"stat.killEntity.Sheep":3,"stat.killEntity.Zombie":9,"stat.mineBlock.minecraft.tallgrass":148,"stat.diveOneCm":101468,"stat.pickup.minecraft.wheat":104,"stat.chestOpened":65,"stat.useItem.minecraft.stone":27,"stat.pickup.minecraft.gravel":36,"stat.pickup.minecraft.arrow":21,"stat.pickup.minecraft.wooden_pressure_plate":2,"stat.useItem.minecraft.apple":2,"stat.useItem.minecraft.rotten_flesh":4,"stat.jump":4705,"stat.pickup.minecraft.fence":3,"stat.pickup.minecraft.coal":306,"stat.fallOneCm":111344,"stat.pickup.minecraft.carrot":102,"stat.craftItem.minecraft.bread":34,"stat.crouchOneCm":23795,"stat.mineBlock.minecraft.chest":1,"stat.pickup.minecraft.spider_eye":3,"stat.craftItem.minecraft.chest":7,"stat.pickup.minecraft.dirt":13034,"stat.drop.futuremc.sweet_berries":14,"stat.craftingTableInteraction":51,"stat.pickup.minecraft.iron_ore":75,"stat.mineBlock.minecraft.wooden_pressure_plate":1,"stat.pickup.minecraft.stone_shovel":17,"stat.mineBlock.minecraft.glass_pane":1,"stat.damageTaken":6066,"stat.useItem.futuremc.sweet_berries":65,"stat.pickup.minecraft.leather":4,"stat.pickup.lumberjack.wood_lumberaxe":1,"stat.craftItem.minecraft.wooden_sword":1,"stat.pickup.minecraft.dye":3,"stat.pickup.minecraft.planks":38,"stat.pickup.minecraft.bed":14,"stat.pickup.minecraft.wheat_seeds":417,"stat.pickup.minecraft.potato":13,"stat.entityKilledBy.Zombie":4,"stat.mineBlock.minecraft.gravel":50,"stat.useItem.minecraft.stone_pickaxe":2927,"stat.damageDealt":2809,"stat.sleepInBed":37,"stat.mineBlock.minecraft.dirt":8303,"stat.useItem.minecraft.crafting_table":1,"stat.craftItem.minecraft.stone_shovel":76,"stat.walkOneCm":1552239,"stat.useItem.minecraft.bread":25,"stat.playerKills":1,"stat.useItem.minecraft.chest":2,"stat.drop.minecraft.rotten_flesh":2,"stat.useItem.minecraft.log":1,"stat.pickup.minecraft.crafting_table":10,"stat.useItem.minecraft.cobblestone":391,"stat.craftItem.minecraft.crafting_table":7,"stat.pickup.futuremc.dye":2,"stat.useItem.minecraft.gravel":6,"stat.mineBlock.minecraft.double_plant":3,"stat.pickup.minecraft.log":673,"stat.pickup.minecraft.stone":821,"stat.drop.minecraft.sapling":1,"stat.pickup.minecraft.sapling":43,"stat.pickup.minecraft.apple":1,"stat.killEntity.Skeleton":1,"stat.craftItem.minecraft.planks":244,"stat.pickup.futuremc.cornflower":44,"stat.killEntity.Spider":2,"stat.pickup.minecraft.bread":23,"stat.mobKills":18,"stat.pickup.minecraft.book":168,"stat.mineBlock.minecraft.log":189,"stat.mineBlock.minecraft.bookshelf":14,"stat.mineBlock.minecraft.leaves":9,"stat.pickup.minecraft.red_flower":25,"stat.sneakTime":7207,"stat.pickup.minecraft.wool":9,"stat.drop.minecraft.yellow_flower":2,"stat.useItem.minecraft.wooden_axe":46,"stat.pickup.minecraft.yellow_flower":13,"stat.mineBlock.minecraft.stone":2781,"stat.pickup.minecraft.chest":1}