{"stat.pickup.minecraft.bone":11,"stat.leaveGame":9,"stat.mineBlock.minecraft.cobblestone":21,"stat.pickup.minecraft.stone_pickaxe":12,"stat.pickup.minecraft.flint":4,"stat.mineBlock.minecraft.yellow_flower":3,"stat.swimOneCm":9277,"stat.climbOneCm":959,"stat.craftItem.lumberjack.wood_lumberaxe":4,"stat.useItem.minecraft.dirt":414,"stat.useItem.minecraft.stone_slab2":128,"stat.pickup.minecraft.rotten_flesh":27,"stat.entityKilledBy.Spider":2,"stat.useItem.minecraft.iron_ore":2,"stat.craftItem.minecraft.stone_pickaxe":28,"stat.pickup.minecraft.cobblestone":2310,"stat.pickup.futuremc.sweet_berries":89,"stat.useItem.minecraft.stone_shovel":7149,"stat.flyOneCm":749777,"stat.drop.minecraft.wheat_seeds":4,"stat.mineBlock.minecraft.iron_ore":19,"stat.timeSinceDeath":51291,"stat.useItem.minecraft.iron_pickaxe":12,"stat.craftItem.minecraft.bed":3,"stat.pickup.minecraft.wooden_axe":3,"stat.drop.minecraft.dirt":1,"stat.mineBlock.futuremc.cornflower":7,"stat.mineBlock.minecraft.coal_ore":90,"stat.talkedToVillager":1,"stat.pickup.minecraft.wooden_sword":2,"stat.pickup.minecraft.beef":4,"stat.entityKilledBy.Skeleton":5,"stat.craftItem.futuremc.dye":3,"stat.sprintOneCm":418372,"stat.craftItem.minecraft.stick":232,"stat.craftItem.minecraft.wooden_axe":1,"stat.mineBlock.minecraft.fence":1,"stat.useItem.minecraft.wheat_seeds":79,"stat.mineBlock.minecraft.crafting_table":7,"stat.useItem.minecraft.carrot":27,"stat.deaths":15,"stat.mineBlock.minecraft.planks":4,"stat.drop":16,"stat.pickup.minecraft.egg":7,"stat.playOneMinute":463762,"stat.useItem.minecraft.wooden_sword":16,"stat.useItem.lumberjack.wood_lumberaxe":174,"stat.killEntity.Zombie":9,"stat.mineBlock.minecraft.tallgrass":128,"stat.diveOneCm":9114,"stat.pickup.minecraft.wheat":78,"stat.chestOpened":45,"stat.useItem.minecraft.stone":27,"stat.pickup.minecraft.gravel":32,"stat.pickup.minecraft.arrow":21,"stat.pickup.minecraft.wooden_pressure_plate":2,"stat.useItem.minecraft.apple":2,"stat.useItem.minecraft.rotten_flesh":4,"stat.jump":3575,"stat.pickup.minecraft.fence":3,"stat.pickup.minecraft.coal":306,"stat.fallOneCm":86906,"stat.pickup.minecraft.carrot":102,"stat.craftItem.minecraft.bread":26,"stat.crouchOneCm":11046,"stat.mineBlock.minecraft.chest":1,"stat.pickup.minecraft.spider_eye":2,"stat.craftItem.minecraft.chest":7,"stat.pickup.minecraft.dirt":9313,"stat.drop.futuremc.sweet_berries":14,"stat.craftingTableInteraction":44,"stat.pickup.minecraft.iron_ore":37,"stat.mineBlock.minecraft.wooden_pressure_plate":1,"stat.pickup.minecraft.stone_shovel":17,"stat.mineBlock.minecraft.glass_pane":1,"stat.damageTaken":5559,"stat.useItem.futuremc.sweet_berries":65,"stat.pickup.minecraft.leather":4,"stat.pickup.lumberjack.wood_lumberaxe":1,"stat.craftItem.minecraft.wooden_sword":1,"stat.pickup.minecraft.planks":25,"stat.pickup.minecraft.bed":13,"stat.pickup.minecraft.wheat_seeds":330,"stat.pickup.minecraft.potato":13,"stat.entityKilledBy.Zombie":3,"stat.mineBlock.minecraft.gravel":47,"stat.useItem.minecraft.stone_pickaxe":2226,"stat.damageDealt":2122,"stat.sleepInBed":25,"stat.mineBlock.minecraft.dirt":7076,"stat.craftItem.minecraft.stone_shovel":76,"stat.walkOneCm":1250453,"stat.useItem.minecraft.bread":15,"stat.playerKills":1,"stat.useItem.minecraft.chest":2,"stat.drop.minecraft.rotten_flesh":2,"stat.useItem.minecraft.log":1,"stat.pickup.minecraft.crafting_table":9,"stat.useItem.minecraft.cobblestone":148,"stat.craftItem.minecraft.crafting_table":7,"stat.pickup.futuremc.dye":2,"stat.useItem.minecraft.gravel":6,"stat.mineBlock.minecraft.double_plant":2,"stat.pickup.minecraft.log":669,"stat.pickup.minecraft.stone":710,"stat.drop.minecraft.sapling":1,"stat.pickup.minecraft.sapling":43,"stat.pickup.minecraft.apple":1,"stat.killEntity.Skeleton":1,"stat.craftItem.minecraft.planks":228,"stat.pickup.futuremc.cornflower":31,"stat.killEntity.Spider":1,"stat.pickup.minecraft.bread":23,"stat.mobKills":12,"stat.pickup.minecraft.book":168,"stat.mineBlock.minecraft.log":185,"stat.mineBlock.minecraft.bookshelf":14,"stat.mineBlock.minecraft.leaves":9,"stat.pickup.minecraft.red_flower":19,"stat.sneakTime":3969,"stat.pickup.minecraft.wool":6,"stat.drop.minecraft.yellow_flower":2,"stat.useItem.minecraft.wooden_axe":46,"stat.pickup.minecraft.yellow_flower":13,"stat.mineBlock.minecraft.stone":2106,"stat.pickup.minecraft.chest":1}