{"stat.pickup.minecraft.bone":11,"stat.leaveGame":16,"stat.mineBlock.minecraft.cobblestone":61,"stat.pickup.minecraft.stone_pickaxe":19,"stat.pickup.minecraft.flint":9,"stat.mineBlock.minecraft.yellow_flower":3,"stat.swimOneCm":19660,"stat.climbOneCm":959,"stat.craftItem.lumberjack.wood_lumberaxe":4,"stat.useItem.minecraft.dirt":1104,"stat.useItem.minecraft.stone_slab2":170,"stat.pickup.minecraft.rotten_flesh":27,"stat.pickup.minecraft.sand":2,"stat.entityKilledBy.Spider":2,"stat.useItem.minecraft.iron_ore":2,"stat.craftItem.minecraft.stone_pickaxe":40,"stat.pickup.minecraft.cobblestone":4191,"stat.pickup.futuremc.sweet_berries":89,"stat.useItem.minecraft.stone_shovel":8445,"stat.flyOneCm":1177911,"stat.mineBlock.minecraft.sand":2,"stat.drop.minecraft.wheat_seeds":4,"stat.mineBlock.minecraft.iron_ore":31,"stat.timeSinceDeath":83373,"stat.useItem.minecraft.iron_pickaxe":12,"stat.pickup.minecraft.mutton":6,"stat.drop.minecraft.cooked_mutton":1,"stat.craftItem.minecraft.bed":4,"stat.pickup.minecraft.wooden_axe":3,"stat.furnaceInteraction":5,"stat.drop.minecraft.dirt":1,"stat.mineBlock.futuremc.cornflower":7,"stat.mineBlock.minecraft.coal_ore":112,"stat.talkedToVillager":1,"stat.pickup.minecraft.wooden_sword":2,"stat.pickup.minecraft.string":2,"stat.pickup.minecraft.beef":4,"stat.useItem.minecraft.cooked_mutton":3,"stat.entityKilledBy.Skeleton":5,"stat.craftItem.minecraft.stone_slab2":0,"stat.killEntity.Squid":1,"stat.craftItem.futuremc.dye":3,"stat.sprintOneCm":572254,"stat.craftItem.minecraft.stick":256,"stat.craftItem.minecraft.wooden_axe":1,"stat.mineBlock.minecraft.fence":1,"stat.useItem.minecraft.wheat_seeds":140,"stat.mineBlock.minecraft.crafting_table":9,"stat.useItem.minecraft.carrot":27,"stat.deaths":16,"stat.mineBlock.minecraft.planks":4,"stat.drop":17,"stat.pickup.minecraft.egg":7,"stat.playOneMinute":617168,"stat.useItem.minecraft.wooden_sword":16,"stat.useItem.lumberjack.wood_lumberaxe":187,"stat.killEntity.Sheep":3,"stat.killEntity.Zombie":9,"stat.mineBlock.minecraft.tallgrass":150,"stat.craftItem.minecraft.cooked_mutton":4,"stat.diveOneCm":120580,"stat.pickup.minecraft.wheat":137,"stat.chestOpened":68,"stat.useItem.minecraft.stone":27,"stat.pickup.minecraft.gravel":61,"stat.pickup.minecraft.arrow":21,"stat.pickup.minecraft.wooden_pressure_plate":2,"stat.useItem.minecraft.apple":2,"stat.useItem.minecraft.rotten_flesh":4,"stat.jump":5519,"stat.pickup.minecraft.fence":3,"stat.pickup.minecraft.coal":328,"stat.fallOneCm":127255,"stat.pickup.minecraft.carrot":102,"stat.craftItem.minecraft.bread":45,"stat.crouchOneCm":24771,"stat.mineBlock.minecraft.chest":1,"stat.pickup.minecraft.spider_eye":3,"stat.craftItem.minecraft.chest":7,"stat.pickup.minecraft.dirt":13064,"stat.drop.futuremc.sweet_berries":14,"stat.craftingTableInteraction":58,"stat.pickup.minecraft.iron_ore":77,"stat.mineBlock.minecraft.wooden_pressure_plate":1,"stat.pickup.minecraft.stone_shovel":17,"stat.mineBlock.minecraft.glass_pane":1,"stat.damageTaken":6106,"stat.useItem.futuremc.sweet_berries":65,"stat.pickup.minecraft.leather":4,"stat.pickup.lumberjack.wood_lumberaxe":1,"stat.craftItem.minecraft.wooden_sword":1,"stat.pickup.minecraft.dye":3,"stat.pickup.minecraft.planks":38,"stat.pickup.minecraft.bed":14,"stat.pickup.minecraft.wheat_seeds":473,"stat.pickup.minecraft.potato":13,"stat.entityKilledBy.Zombie":4,"stat.mineBlock.minecraft.gravel":78,"stat.useItem.minecraft.stone_pickaxe":4015,"stat.damageDealt":2969,"stat.sleepInBed":42,"stat.mineBlock.minecraft.dirt":8340,"stat.useItem.minecraft.crafting_table":1,"stat.craftItem.minecraft.stone_shovel":76,"stat.walkOneCm":1732921,"stat.useItem.minecraft.bread":27,"stat.playerKills":1,"stat.useItem.minecraft.chest":2,"stat.drop.minecraft.rotten_flesh":2,"stat.useItem.minecraft.log":1,"stat.pickup.minecraft.crafting_table":11,"stat.useItem.minecraft.cobblestone":506,"stat.craftItem.minecraft.crafting_table":8,"stat.pickup.futuremc.dye":2,"stat.useItem.minecraft.gravel":6,"stat.mineBlock.minecraft.double_plant":3,"stat.pickup.minecraft.log":680,"stat.pickup.minecraft.stone":891,"stat.drop.minecraft.sapling":1,"stat.pickup.minecraft.sapling":43,"stat.pickup.minecraft.apple":1,"stat.killEntity.Skeleton":1,"stat.craftItem.minecraft.planks":272,"stat.pickup.futuremc.cornflower":44,"stat.killEntity.Spider":2,"stat.pickup.minecraft.bread":23,"stat.mobKills":18,"stat.pickup.minecraft.book":168,"stat.mineBlock.minecraft.log":196,"stat.mineBlock.minecraft.bookshelf":14,"stat.mineBlock.minecraft.leaves":9,"stat.pickup.minecraft.red_flower":25,"stat.sneakTime":7403,"stat.pickup.minecraft.wool":9,"stat.drop.minecraft.yellow_flower":2,"stat.useItem.minecraft.wooden_axe":46,"stat.pickup.minecraft.yellow_flower":13,"stat.mineBlock.minecraft.stone":3810,"stat.pickup.minecraft.chest":1}