{"stat.pickup.minecraft.bone":9,"stat.leaveGame":2,"stat.mineBlock.minecraft.cobblestone":21,"stat.pickup.minecraft.stone_pickaxe":2,"stat.pickup.minecraft.flint":2,"stat.mineBlock.minecraft.yellow_flower":3,"stat.swimOneCm":8223,"stat.climbOneCm":959,"stat.craftItem.lumberjack.wood_lumberaxe":3,"stat.useItem.minecraft.dirt":385,"stat.useItem.minecraft.stone_slab2":100,"stat.pickup.minecraft.rotten_flesh":26,"stat.useItem.minecraft.iron_ore":2,"stat.craftItem.minecraft.stone_pickaxe":16,"stat.pickup.minecraft.cobblestone":1237,"stat.pickup.futuremc.sweet_berries":89,"stat.useItem.minecraft.stone_shovel":4580,"stat.flyOneCm":558647,"stat.drop.minecraft.wheat_seeds":2,"stat.mineBlock.minecraft.iron_ore":5,"stat.timeSinceDeath":196951,"stat.useItem.minecraft.iron_pickaxe":12,"stat.craftItem.minecraft.bed":3,"stat.pickup.minecraft.wooden_axe":3,"stat.drop.minecraft.dirt":1,"stat.mineBlock.futuremc.cornflower":6,"stat.mineBlock.minecraft.coal_ore":30,"stat.talkedToVillager":1,"stat.pickup.minecraft.wooden_sword":2,"stat.pickup.minecraft.beef":4,"stat.entityKilledBy.Skeleton":5,"stat.craftItem.futuremc.dye":3,"stat.sprintOneCm":345805,"stat.craftItem.minecraft.stick":128,"stat.craftItem.minecraft.wooden_axe":1,"stat.mineBlock.minecraft.fence":1,"stat.useItem.minecraft.wheat_seeds":67,"stat.mineBlock.minecraft.crafting_table":6,"stat.useItem.minecraft.carrot":27,"stat.deaths":10,"stat.mineBlock.minecraft.planks":4,"stat.drop":15,"stat.pickup.minecraft.egg":7,"stat.playOneMinute":331383,"stat.useItem.minecraft.wooden_sword":16,"stat.useItem.lumberjack.wood_lumberaxe":163,"stat.killEntity.Zombie":9,"stat.mineBlock.minecraft.tallgrass":114,"stat.diveOneCm":3675,"stat.pickup.minecraft.wheat":66,"stat.chestOpened":22,"stat.useItem.minecraft.stone":26,"stat.pickup.minecraft.gravel":23,"stat.pickup.minecraft.arrow":15,"stat.pickup.minecraft.wooden_pressure_plate":2,"stat.useItem.minecraft.apple":2,"stat.useItem.minecraft.rotten_flesh":4,"stat.jump":2766,"stat.pickup.minecraft.fence":3,"stat.pickup.minecraft.coal":30,"stat.fallOneCm":65225,"stat.pickup.minecraft.carrot":102,"stat.craftItem.minecraft.bread":22,"stat.crouchOneCm":10940,"stat.mineBlock.minecraft.chest":1,"stat.pickup.minecraft.spider_eye":2,"stat.craftItem.minecraft.chest":5,"stat.pickup.minecraft.dirt":4914,"stat.drop.futuremc.sweet_berries":14,"stat.craftingTableInteraction":34,"stat.pickup.minecraft.iron_ore":8,"stat.mineBlock.minecraft.wooden_pressure_plate":1,"stat.pickup.minecraft.stone_shovel":8,"stat.mineBlock.minecraft.glass_pane":1,"stat.damageTaken":4284,"stat.useItem.futuremc.sweet_berries":65,"stat.pickup.minecraft.leather":4,"stat.craftItem.minecraft.wooden_sword":1,"stat.pickup.minecraft.planks":25,"stat.pickup.minecraft.bed":12,"stat.pickup.minecraft.wheat_seeds":249,"stat.pickup.minecraft.potato":13,"stat.entityKilledBy.Zombie":1,"stat.mineBlock.minecraft.gravel":20,"stat.useItem.minecraft.stone_pickaxe":1552,"stat.damageDealt":2122,"stat.sleepInBed":17,"stat.mineBlock.minecraft.dirt":4525,"stat.craftItem.minecraft.stone_shovel":42,"stat.walkOneCm":932975,"stat.useItem.minecraft.bread":10,"stat.playerKills":1,"stat.useItem.minecraft.chest":1,"stat.drop.minecraft.rotten_flesh":2,"stat.useItem.minecraft.log":1,"stat.pickup.minecraft.crafting_table":7,"stat.useItem.minecraft.cobblestone":117,"stat.craftItem.minecraft.crafting_table":6,"stat.pickup.futuremc.dye":2,"stat.useItem.minecraft.gravel":6,"stat.mineBlock.minecraft.double_plant":2,"stat.pickup.minecraft.log":639,"stat.pickup.minecraft.stone":254,"stat.drop.minecraft.sapling":1,"stat.pickup.minecraft.sapling":37,"stat.pickup.minecraft.apple":1,"stat.killEntity.Skeleton":1,"stat.craftItem.minecraft.planks":148,"stat.pickup.futuremc.cornflower":18,"stat.killEntity.Spider":1,"stat.pickup.minecraft.bread":5,"stat.mobKills":12,"stat.pickup.minecraft.book":168,"stat.mineBlock.minecraft.log":171,"stat.mineBlock.minecraft.bookshelf":14,"stat.mineBlock.minecraft.leaves":8,"stat.pickup.minecraft.red_flower":19,"stat.sneakTime":3922,"stat.pickup.minecraft.wool":6,"stat.drop.minecraft.yellow_flower":2,"stat.useItem.minecraft.wooden_axe":46,"stat.pickup.minecraft.yellow_flower":13,"stat.mineBlock.minecraft.stone":1501,"stat.pickup.minecraft.chest":1}