{"stat.chestOpened":2,"stat.pickup.minecraft.bone":2,"stat.leaveGame":2,"stat.pickup.minecraft.arrow":7,"stat.pickup.minecraft.wooden_pressure_plate":1,"stat.mineBlock.minecraft.yellow_flower":3,"stat.useItem.minecraft.apple":1,"stat.useItem.minecraft.rotten_flesh":4,"stat.swimOneCm":8116,"stat.jump":883,"stat.pickup.minecraft.fence":1,"stat.fallOneCm":19806,"stat.craftItem.lumberjack.wood_lumberaxe":2,"stat.crouchOneCm":126,"stat.pickup.minecraft.spider_eye":2,"stat.useItem.minecraft.dirt":32,"stat.pickup.minecraft.dirt":116,"stat.drop.futuremc.sweet_berries":6,"stat.useItem.minecraft.stone_slab2":13,"stat.craftingTableInteraction":10,"stat.pickup.minecraft.rotten_flesh":12,"stat.mineBlock.minecraft.wooden_pressure_plate":1,"stat.pickup.minecraft.stone_shovel":3,"stat.damageTaken":2444,"stat.useItem.futuremc.sweet_berries":53,"stat.pickup.minecraft.cobblestone":6,"stat.craftItem.minecraft.wooden_sword":1,"stat.pickup.minecraft.planks":6,"stat.pickup.futuremc.sweet_berries":89,"stat.flyOneCm":127412,"stat.pickup.minecraft.bed":1,"stat.pickup.minecraft.wheat_seeds":3,"stat.drop.minecraft.wheat_seeds":1,"stat.damageDealt":1888,"stat.sleepInBed":2,"stat.timeSinceDeath":21834,"stat.mineBlock.minecraft.dirt":13,"stat.useItem.minecraft.iron_pickaxe":6,"stat.craftItem.minecraft.stone_shovel":6,"stat.walkOneCm":194442,"stat.craftItem.minecraft.bed":2,"stat.useItem.minecraft.bread":7,"stat.playerKills":1,"stat.drop.minecraft.rotten_flesh":2,"stat.useItem.minecraft.log":1,"stat.pickup.minecraft.crafting_table":2,"stat.craftItem.minecraft.crafting_table":3,"stat.mineBlock.futuremc.cornflower":4,"stat.talkedToVillager":1,"stat.pickup.minecraft.wooden_sword":2,"stat.pickup.minecraft.log":479,"stat.entityKilledBy.Skeleton":4,"stat.drop.minecraft.sapling":1,"stat.pickup.minecraft.sapling":22,"stat.craftItem.futuremc.dye":3,"stat.sprintOneCm":145445,"stat.craftItem.minecraft.stick":24,"stat.craftItem.minecraft.wooden_axe":1,"stat.killEntity.Skeleton":1,"stat.craftItem.minecraft.planks":44,"stat.pickup.futuremc.cornflower":4,"stat.mineBlock.minecraft.fence":1,"stat.killEntity.Spider":1,"stat.mineBlock.minecraft.crafting_table":2,"stat.pickup.minecraft.bread":3,"stat.mobKills":11,"stat.pickup.minecraft.book":42,"stat.mineBlock.minecraft.log":125,"stat.mineBlock.minecraft.bookshelf":14,"stat.deaths":6,"stat.drop":11,"stat.mineBlock.minecraft.leaves":3,"stat.pickup.minecraft.egg":1,"stat.playOneMinute":111592,"stat.useItem.minecraft.wooden_sword":16,"stat.useItem.lumberjack.wood_lumberaxe":118,"stat.sneakTime":96,"stat.pickup.minecraft.wool":6,"stat.killEntity.Zombie":8,"stat.drop.minecraft.yellow_flower":1,"stat.useItem.minecraft.wooden_axe":45,"stat.pickup.minecraft.yellow_flower":9,"stat.mineBlock.minecraft.stone":6,"stat.mineBlock.minecraft.tallgrass":9,"stat.diveOneCm":3675}