{"stat.drop.minecraft.stone_pickaxe":2,"stat.pickup.minecraft.bone":3,"stat.leaveGame":5,"stat.mineBlock.minecraft.cobblestone":23,"stat.pickup.minecraft.stone_pickaxe":10,"stat.mineBlock.minecraft.yellow_flower":1,"stat.useItem.minecraft.mutton":9,"stat.swimOneCm":4361,"stat.climbOneCm":1163,"stat.craftItem.lumberjack.wood_lumberaxe":3,"stat.useItem.minecraft.dirt":2140,"stat.useItem.minecraft.stone_slab2":65,"stat.pickup.minecraft.rotten_flesh":13,"stat.pickup.minecraft.sand":2,"stat.useItem.minecraft.egg":5,"stat.craftItem.minecraft.stone_pickaxe":1,"stat.pickup.minecraft.cobblestone":566,"stat.pickup.futuremc.sweet_berries":35,"stat.useItem.minecraft.stone_shovel":768,"stat.flyOneCm":368374,"stat.mineBlock.minecraft.iron_ore":41,"stat.timeSinceDeath":103637,"stat.useItem.minecraft.spider_eye":1,"stat.craftItem.minecraft.wooden_pickaxe":1,"stat.pickup.minecraft.mutton":9,"stat.useItem.minecraft.potato":43,"stat.mineBlock.futuremc.cornflower":3,"stat.mineBlock.minecraft.coal_ore":21,"stat.talkedToVillager":3,"stat.pickup.minecraft.string":7,"stat.pickup.minecraft.beef":8,"stat.pickup.minecraft.furnace":2,"stat.useItem.minecraft.cooked_mutton":1,"stat.entityKilledBy.Skeleton":6,"stat.sprintOneCm":553753,"stat.craftItem.minecraft.stick":28,"stat.useItem.minecraft.wheat_seeds":79,"stat.mineBlock.minecraft.crafting_table":1,"stat.useItem.minecraft.carrot":83,"stat.useItem.minecraft.beef":6,"stat.deaths":10,"stat.drop":8,"stat.pickup.minecraft.egg":7,"stat.playOneMinute":207828,"stat.useItem.lumberjack.wood_lumberaxe":155,"stat.killEntity.Sheep":6,"stat.killEntity.Zombie":4,"stat.drop.minecraft.bread":3,"stat.mineBlock.minecraft.tallgrass":96,"stat.diveOneCm":3402,"stat.pickup.minecraft.wheat":64,"stat.pickup.minecraft.cooked_mutton":1,"stat.chestOpened":10,"stat.drop.minecraft.wooden_pickaxe":1,"stat.pickup.minecraft.arrow":2,"stat.useItem.minecraft.rotten_flesh":4,"stat.jump":2277,"stat.pickup.minecraft.coal":21,"stat.fallOneCm":43712,"stat.pickup.minecraft.carrot":140,"stat.craftItem.minecraft.bread":20,"stat.crouchOneCm":11918,"stat.pickup.minecraft.spider_eye":2,"stat.craftItem.minecraft.torch":60,"stat.pickup.minecraft.dirt":908,"stat.craftingTableInteraction":11,"stat.pickup.minecraft.iron_ore":42,"stat.pickup.minecraft.stone_shovel":7,"stat.mineBlock.minecraft.glass_pane":1,"stat.pickup.minecraft.wooden_pickaxe":1,"stat.damageTaken":3684,"stat.useItem.futuremc.sweet_berries":27,"stat.pickup.minecraft.leather":4,"stat.mineBlock.minecraft.furnace":2,"stat.mineBlock.minecraft.red_flower":1,"stat.mineBlock.minecraft.torch":1,"stat.useItem.minecraft.furnace":1,"stat.useItem.minecraft.wooden_pickaxe":58,"stat.pickup.minecraft.bed":2,"stat.pickup.minecraft.wheat_seeds":131,"stat.pickup.minecraft.potato":56,"stat.entityKilledBy.Zombie":1,"stat.mineBlock.minecraft.gravel":1,"stat.useItem.minecraft.stone_pickaxe":712,"stat.damageDealt":2894,"stat.sleepInBed":11,"stat.killEntity.Cow":4,"stat.mineBlock.minecraft.dirt":921,"stat.walkOneCm":547160,"stat.useItem.minecraft.bread":6,"stat.useItem.minecraft.torch":60,"stat.animalsBred":1,"stat.pickup.minecraft.crafting_table":1,"stat.useItem.minecraft.cobblestone":84,"stat.craftItem.minecraft.crafting_table":4,"stat.mineBlock.minecraft.double_plant":10,"stat.pickup.minecraft.log":166,"stat.pickup.minecraft.stone":75,"stat.pickup.minecraft.chicken":1,"stat.pickup.minecraft.sapling":4,"stat.killEntity.Skeleton":1,"stat.craftItem.minecraft.planks":56,"stat.pickup.futuremc.cornflower":4,"stat.killEntity.Spider":3,"stat.mobKills":20,"stat.mineBlock.minecraft.log":168,"stat.mineBlock.minecraft.leaves":5,"stat.pickup.minecraft.torch":1,"stat.pickup.minecraft.red_flower":1,"stat.sneakTime":7868,"stat.pickup.minecraft.wool":6,"stat.drop.minecraft.yellow_flower":2,"stat.pickup.minecraft.yellow_flower":4,"stat.mineBlock.minecraft.stone":675}