{"stat.drop.minecraft.stone_pickaxe":1,"stat.pickup.minecraft.bone":3,"stat.leaveGame":5,"stat.mineBlock.minecraft.cobblestone":23,"stat.pickup.minecraft.stone_pickaxe":6,"stat.mineBlock.minecraft.yellow_flower":1,"stat.useItem.minecraft.mutton":9,"stat.swimOneCm":4119,"stat.climbOneCm":1163,"stat.craftItem.lumberjack.wood_lumberaxe":3,"stat.useItem.minecraft.dirt":198,"stat.useItem.minecraft.stone_slab2":34,"stat.pickup.minecraft.rotten_flesh":13,"stat.pickup.minecraft.sand":2,"stat.craftItem.minecraft.stone_pickaxe":1,"stat.pickup.minecraft.cobblestone":459,"stat.pickup.futuremc.sweet_berries":35,"stat.useItem.minecraft.stone_shovel":322,"stat.flyOneCm":293471,"stat.mineBlock.minecraft.iron_ore":41,"stat.timeSinceDeath":55037,"stat.craftItem.minecraft.wooden_pickaxe":1,"stat.pickup.minecraft.mutton":9,"stat.useItem.minecraft.potato":43,"stat.mineBlock.futuremc.cornflower":3,"stat.mineBlock.minecraft.coal_ore":21,"stat.talkedToVillager":3,"stat.pickup.minecraft.string":7,"stat.pickup.minecraft.beef":8,"stat.pickup.minecraft.furnace":2,"stat.entityKilledBy.Skeleton":6,"stat.sprintOneCm":424222,"stat.craftItem.minecraft.stick":28,"stat.useItem.minecraft.wheat_seeds":79,"stat.useItem.minecraft.carrot":83,"stat.useItem.minecraft.beef":6,"stat.deaths":10,"stat.drop":7,"stat.pickup.minecraft.egg":7,"stat.playOneMinute":159228,"stat.useItem.lumberjack.wood_lumberaxe":155,"stat.killEntity.Sheep":6,"stat.killEntity.Zombie":4,"stat.drop.minecraft.bread":3,"stat.mineBlock.minecraft.tallgrass":80,"stat.diveOneCm":2289,"stat.pickup.minecraft.wheat":64,"stat.chestOpened":4,"stat.drop.minecraft.wooden_pickaxe":1,"stat.pickup.minecraft.arrow":2,"stat.jump":1787,"stat.pickup.minecraft.coal":21,"stat.fallOneCm":33494,"stat.pickup.minecraft.carrot":140,"stat.craftItem.minecraft.bread":6,"stat.crouchOneCm":8666,"stat.pickup.minecraft.spider_eye":2,"stat.craftItem.minecraft.torch":60,"stat.pickup.minecraft.dirt":365,"stat.craftingTableInteraction":8,"stat.pickup.minecraft.iron_ore":42,"stat.pickup.minecraft.stone_shovel":3,"stat.mineBlock.minecraft.glass_pane":1,"stat.pickup.minecraft.wooden_pickaxe":1,"stat.damageTaken":3434,"stat.useItem.futuremc.sweet_berries":27,"stat.pickup.minecraft.leather":4,"stat.mineBlock.minecraft.furnace":2,"stat.mineBlock.minecraft.red_flower":1,"stat.mineBlock.minecraft.torch":1,"stat.useItem.minecraft.furnace":1,"stat.useItem.minecraft.wooden_pickaxe":58,"stat.pickup.minecraft.bed":2,"stat.pickup.minecraft.wheat_seeds":120,"stat.pickup.minecraft.potato":56,"stat.entityKilledBy.Zombie":1,"stat.mineBlock.minecraft.gravel":1,"stat.useItem.minecraft.stone_pickaxe":642,"stat.damageDealt":2854,"stat.sleepInBed":8,"stat.killEntity.Cow":4,"stat.mineBlock.minecraft.dirt":359,"stat.walkOneCm":357334,"stat.useItem.minecraft.bread":3,"stat.useItem.minecraft.torch":60,"stat.animalsBred":1,"stat.useItem.minecraft.cobblestone":82,"stat.craftItem.minecraft.crafting_table":3,"stat.mineBlock.minecraft.double_plant":10,"stat.pickup.minecraft.log":166,"stat.pickup.minecraft.stone":72,"stat.pickup.minecraft.chicken":1,"stat.pickup.minecraft.sapling":4,"stat.killEntity.Skeleton":1,"stat.craftItem.minecraft.planks":52,"stat.pickup.futuremc.cornflower":1,"stat.killEntity.Spider":3,"stat.mobKills":20,"stat.mineBlock.minecraft.log":168,"stat.mineBlock.minecraft.leaves":5,"stat.pickup.minecraft.torch":1,"stat.pickup.minecraft.red_flower":1,"stat.sneakTime":5847,"stat.pickup.minecraft.wool":6,"stat.drop.minecraft.yellow_flower":2,"stat.pickup.minecraft.yellow_flower":4,"stat.mineBlock.minecraft.stone":615}