{"stat.drop.minecraft.stone_pickaxe":1,"stat.pickup.minecraft.bone":3,"stat.leaveGame":5,"stat.pickup.minecraft.stone_pickaxe":6,"stat.mineBlock.minecraft.yellow_flower":1,"stat.useItem.minecraft.mutton":9,"stat.swimOneCm":4119,"stat.climbOneCm":1163,"stat.craftItem.lumberjack.wood_lumberaxe":3,"stat.useItem.minecraft.dirt":198,"stat.useItem.minecraft.stone_slab2":30,"stat.pickup.minecraft.rotten_flesh":13,"stat.pickup.minecraft.sand":2,"stat.craftItem.minecraft.stone_pickaxe":1,"stat.pickup.minecraft.cobblestone":275,"stat.pickup.futuremc.sweet_berries":35,"stat.useItem.minecraft.stone_shovel":322,"stat.flyOneCm":271807,"stat.mineBlock.minecraft.iron_ore":28,"stat.timeSinceDeath":42437,"stat.craftItem.minecraft.wooden_pickaxe":1,"stat.pickup.minecraft.mutton":9,"stat.useItem.minecraft.potato":43,"stat.mineBlock.futuremc.cornflower":3,"stat.mineBlock.minecraft.coal_ore":21,"stat.talkedToVillager":3,"stat.pickup.minecraft.string":7,"stat.pickup.minecraft.beef":8,"stat.pickup.minecraft.furnace":2,"stat.entityKilledBy.Skeleton":6,"stat.sprintOneCm":384513,"stat.craftItem.minecraft.stick":28,"stat.useItem.minecraft.wheat_seeds":79,"stat.useItem.minecraft.carrot":83,"stat.useItem.minecraft.beef":6,"stat.deaths":10,"stat.drop":6,"stat.pickup.minecraft.egg":5,"stat.playOneMinute":146628,"stat.useItem.lumberjack.wood_lumberaxe":155,"stat.killEntity.Sheep":6,"stat.killEntity.Zombie":4,"stat.drop.minecraft.bread":3,"stat.mineBlock.minecraft.tallgrass":80,"stat.diveOneCm":2289,"stat.pickup.minecraft.wheat":64,"stat.chestOpened":4,"stat.pickup.minecraft.arrow":2,"stat.jump":1660,"stat.pickup.minecraft.coal":21,"stat.fallOneCm":32389,"stat.pickup.minecraft.carrot":140,"stat.craftItem.minecraft.bread":6,"stat.crouchOneCm":8395,"stat.pickup.minecraft.spider_eye":2,"stat.craftItem.minecraft.torch":60,"stat.pickup.minecraft.dirt":365,"stat.craftingTableInteraction":8,"stat.pickup.minecraft.iron_ore":29,"stat.pickup.minecraft.stone_shovel":3,"stat.mineBlock.minecraft.glass_pane":1,"stat.damageTaken":3404,"stat.useItem.futuremc.sweet_berries":27,"stat.pickup.minecraft.leather":4,"stat.mineBlock.minecraft.furnace":2,"stat.mineBlock.minecraft.red_flower":1,"stat.mineBlock.minecraft.torch":1,"stat.useItem.minecraft.furnace":1,"stat.useItem.minecraft.wooden_pickaxe":33,"stat.pickup.minecraft.bed":2,"stat.pickup.minecraft.wheat_seeds":120,"stat.pickup.minecraft.potato":56,"stat.entityKilledBy.Zombie":1,"stat.mineBlock.minecraft.gravel":1,"stat.useItem.minecraft.stone_pickaxe":394,"stat.damageDealt":2824,"stat.sleepInBed":7,"stat.killEntity.Cow":4,"stat.mineBlock.minecraft.dirt":359,"stat.walkOneCm":333564,"stat.useItem.minecraft.bread":3,"stat.useItem.minecraft.torch":60,"stat.animalsBred":1,"stat.useItem.minecraft.cobblestone":3,"stat.craftItem.minecraft.crafting_table":3,"stat.mineBlock.minecraft.double_plant":10,"stat.pickup.minecraft.log":166,"stat.pickup.minecraft.stone":39,"stat.pickup.minecraft.chicken":1,"stat.pickup.minecraft.sapling":4,"stat.killEntity.Skeleton":1,"stat.craftItem.minecraft.planks":52,"stat.pickup.futuremc.cornflower":1,"stat.killEntity.Spider":3,"stat.mobKills":20,"stat.mineBlock.minecraft.log":168,"stat.mineBlock.minecraft.leaves":5,"stat.pickup.minecraft.torch":1,"stat.pickup.minecraft.red_flower":1,"stat.sneakTime":4883,"stat.pickup.minecraft.wool":6,"stat.drop.minecraft.yellow_flower":2,"stat.pickup.minecraft.yellow_flower":4,"stat.mineBlock.minecraft.stone":375}