{"stat.drop.minecraft.stone_pickaxe":2,"stat.pickup.minecraft.bone":4,"stat.leaveGame":5,"stat.drop.minecraft.stone_shovel":1,"stat.mineBlock.minecraft.cobblestone":25,"stat.pickup.minecraft.stone_pickaxe":10,"stat.mineBlock.minecraft.yellow_flower":12,"stat.useItem.minecraft.mutton":9,"stat.swimOneCm":4361,"stat.climbOneCm":1163,"stat.craftItem.lumberjack.wood_lumberaxe":3,"stat.useItem.minecraft.dirt":2966,"stat.useItem.minecraft.stone_slab2":79,"stat.pickup.minecraft.rotten_flesh":14,"stat.pickup.minecraft.sand":2,"stat.useItem.minecraft.egg":6,"stat.craftItem.minecraft.stone_pickaxe":1,"stat.pickup.minecraft.cobblestone":607,"stat.pickup.futuremc.sweet_berries":35,"stat.useItem.minecraft.stone_shovel":768,"stat.flyOneCm":505022,"stat.mineBlock.minecraft.iron_ore":41,"stat.timeSinceDeath":189137,"stat.useItem.minecraft.spider_eye":1,"stat.craftItem.minecraft.wooden_pickaxe":1,"stat.pickup.minecraft.mutton":13,"stat.useItem.minecraft.iron_shovel":769,"stat.useItem.minecraft.potato":43,"stat.pickup.minecraft.iron_shovel":3,"stat.mineBlock.futuremc.cornflower":9,"stat.mineBlock.minecraft.coal_ore":21,"stat.talkedToVillager":3,"stat.pickup.minecraft.string":9,"stat.pickup.minecraft.beef":8,"stat.pickup.minecraft.furnace":2,"stat.useItem.minecraft.cooked_mutton":1,"stat.entityKilledBy.Skeleton":6,"stat.sprintOneCm":852642,"stat.craftItem.minecraft.stick":28,"stat.mineBlock.minecraft.fence":11,"stat.useItem.minecraft.wheat_seeds":93,"stat.mineBlock.minecraft.crafting_table":1,"stat.useItem.minecraft.carrot":117,"stat.useItem.minecraft.beef":6,"stat.deaths":10,"stat.drop":36,"stat.pickup.minecraft.egg":8,"stat.playOneMinute":293328,"stat.useItem.lumberjack.wood_lumberaxe":165,"stat.killEntity.Sheep":9,"stat.killEntity.Zombie":5,"stat.drop.minecraft.bread":9,"stat.mineBlock.minecraft.tallgrass":178,"stat.diveOneCm":3402,"stat.pickup.minecraft.wheat":79,"stat.pickup.minecraft.cooked_mutton":1,"stat.chestOpened":16,"stat.drop.minecraft.wooden_pickaxe":1,"stat.pickup.minecraft.arrow":4,"stat.pickup.minecraft.iron_sword":1,"stat.useItem.minecraft.chicken":1,"stat.useItem.minecraft.rotten_flesh":4,"stat.jump":3164,"stat.pickup.minecraft.coal":21,"stat.fallOneCm":59876,"stat.pickup.minecraft.carrot":221,"stat.craftItem.minecraft.bread":20,"stat.crouchOneCm":15160,"stat.pickup.minecraft.spider_eye":2,"stat.craftItem.minecraft.torch":60,"stat.pickup.minecraft.dirt":1562,"stat.craftingTableInteraction":12,"stat.pickup.minecraft.iron_ore":42,"stat.pickup.minecraft.stone_shovel":7,"stat.mineBlock.minecraft.glass_pane":1,"stat.pickup.minecraft.wooden_pickaxe":1,"stat.damageTaken":4114,"stat.useItem.futuremc.sweet_berries":27,"stat.pickup.minecraft.leather":4,"stat.mineBlock.minecraft.furnace":2,"stat.mineBlock.minecraft.red_flower":1,"stat.mineBlock.minecraft.torch":2,"stat.useItem.minecraft.furnace":1,"stat.useItem.minecraft.wooden_pickaxe":58,"stat.pickup.minecraft.bed":2,"stat.pickup.minecraft.wheat_seeds":177,"stat.pickup.minecraft.potato":56,"stat.entityKilledBy.Zombie":1,"stat.mineBlock.minecraft.gravel":1,"stat.useItem.minecraft.stone_pickaxe":753,"stat.damageDealt":3786,"stat.sleepInBed":18,"stat.killEntity.Cow":4,"stat.mineBlock.minecraft.dirt":1796,"stat.useItem.minecraft.crafting_table":1,"stat.craftItem.minecraft.stone_shovel":1,"stat.walkOneCm":1010616,"stat.useItem.minecraft.bread":15,"stat.useItem.minecraft.torch":60,"stat.animalsBred":8,"stat.drop.minecraft.wheat":1,"stat.pickup.minecraft.crafting_table":2,"stat.useItem.minecraft.cobblestone":84,"stat.craftItem.minecraft.crafting_table":4,"stat.mineBlock.minecraft.double_plant":11,"stat.pickup.minecraft.log":166,"stat.pickup.minecraft.stone":75,"stat.pickup.minecraft.chicken":2,"stat.pickup.minecraft.sapling":4,"stat.killEntity.Skeleton":1,"stat.craftItem.minecraft.planks":56,"stat.useItem.minecraft.iron_sword":32,"stat.pickup.futuremc.cornflower":21,"stat.drop.futuremc.cornflower":20,"stat.killEntity.Spider":4,"stat.pickup.minecraft.bread":4,"stat.mobKills":25,"stat.mineBlock.minecraft.log":168,"stat.mineBlock.minecraft.leaves":5,"stat.pickup.minecraft.torch":2,"stat.pickup.minecraft.red_flower":1,"stat.sneakTime":9612,"stat.pickup.minecraft.wool":9,"stat.drop.minecraft.yellow_flower":2,"stat.pickup.minecraft.yellow_flower":14,"stat.mineBlock.minecraft.stone":714}