{"stat.pickup.minecraft.rotten_flesh":4,"stat.walkOneCm":66251,"stat.craftItem.minecraft.planks":24,"stat.leaveGame":1,"stat.damageTaken":824,"stat.useItem.futuremc.sweet_berries":16,"stat.craftItem.minecraft.crafting_table":1,"stat.mineBlock.minecraft.double_plant":3,"stat.mobKills":1,"stat.mineBlock.minecraft.log":131,"stat.pickup.futuremc.sweet_berries":23,"stat.pickup.minecraft.log":129,"stat.flyOneCm":20143,"stat.deaths":2,"stat.jump":269,"stat.swimOneCm":1166,"stat.playOneMinute":33247,"stat.fallOneCm":2837,"stat.craftItem.lumberjack.wood_lumberaxe":2,"stat.useItem.lumberjack.wood_lumberaxe":118,"stat.sneakTime":359,"stat.damageDealt":182,"stat.crouchOneCm":418,"stat.pickup.minecraft.chicken":1,"stat.timeSinceDeath":12240,"stat.pickup.minecraft.sapling":4,"stat.pickup.minecraft.dirt":11,"stat.useItem.minecraft.dirt":8,"stat.sprintOneCm":37390,"stat.mineBlock.minecraft.dirt":15,"stat.useItem.minecraft.stone_slab2":8,"stat.mineBlock.minecraft.tallgrass":1,"stat.diveOneCm":295,"stat.craftItem.minecraft.stick":4,"stat.craftingTableInteraction":1}