{"stat.leaveGame":2,"stat.useItem.minecraft.mutton":9,"stat.jump":938,"stat.swimOneCm":2746,"stat.fallOneCm":19508,"stat.climbOneCm":1163,"stat.craftItem.lumberjack.wood_lumberaxe":2,"stat.pickup.minecraft.carrot":58,"stat.craftItem.minecraft.bread":6,"stat.crouchOneCm":6129,"stat.pickup.minecraft.dirt":309,"stat.useItem.minecraft.dirt":91,"stat.useItem.minecraft.stone_slab2":17,"stat.craftingTableInteraction":4,"stat.pickup.minecraft.rotten_flesh":7,"stat.pickup.minecraft.stone_shovel":3,"stat.mineBlock.minecraft.glass_pane":1,"stat.damageTaken":1704,"stat.useItem.futuremc.sweet_berries":27,"stat.pickup.minecraft.leather":4,"stat.pickup.futuremc.sweet_berries":35,"stat.useItem.minecraft.stone_shovel":322,"stat.flyOneCm":118599,"stat.pickup.minecraft.wheat_seeds":54,"stat.pickup.minecraft.potato":56,"stat.entityKilledBy.Zombie":1,"stat.damageDealt":1430,"stat.sleepInBed":1,"stat.timeSinceDeath":34186,"stat.killEntity.Cow":4,"stat.mineBlock.minecraft.dirt":336,"stat.pickup.minecraft.mutton":9,"stat.walkOneCm":179223,"stat.useItem.minecraft.bread":3,"stat.animalsBred":1,"stat.useItem.minecraft.potato":43,"stat.craftItem.minecraft.crafting_table":1,"stat.mineBlock.minecraft.double_plant":10,"stat.mineBlock.futuremc.cornflower":1,"stat.talkedToVillager":3,"stat.pickup.minecraft.log":129,"stat.pickup.minecraft.beef":8,"stat.entityKilledBy.Skeleton":1,"stat.pickup.minecraft.chicken":1,"stat.pickup.minecraft.sapling":4,"stat.sprintOneCm":177661,"stat.craftItem.minecraft.stick":4,"stat.craftItem.minecraft.planks":24,"stat.pickup.futuremc.cornflower":1,"stat.useItem.minecraft.wheat_seeds":34,"stat.useItem.minecraft.carrot":31,"stat.mobKills":13,"stat.mineBlock.minecraft.log":131,"stat.useItem.minecraft.beef":5,"stat.deaths":4,"stat.drop":5,"stat.pickup.minecraft.egg":2,"stat.mineBlock.minecraft.leaves":5,"stat.playOneMinute":76163,"stat.useItem.lumberjack.wood_lumberaxe":118,"stat.killEntity.Sheep":6,"stat.sneakTime":4017,"stat.pickup.minecraft.wool":6,"stat.drop.minecraft.bread":3,"stat.drop.minecraft.yellow_flower":2,"stat.pickup.minecraft.yellow_flower":3,"stat.mineBlock.minecraft.tallgrass":61,"stat.diveOneCm":1521,"stat.pickup.minecraft.wheat":22}