{"stat.walkOneCm":72816,"stat.leaveGame":2,"stat.craftItem.minecraft.crafting_table":1,"stat.mineBlock.minecraft.double_plant":3,"stat.pickup.minecraft.log":129,"stat.jump":334,"stat.swimOneCm":1166,"stat.fallOneCm":5070,"stat.craftItem.lumberjack.wood_lumberaxe":2,"stat.entityKilledBy.Skeleton":1,"stat.crouchOneCm":418,"stat.pickup.minecraft.chicken":1,"stat.pickup.minecraft.sapling":4,"stat.pickup.minecraft.dirt":14,"stat.useItem.minecraft.dirt":8,"stat.sprintOneCm":46949,"stat.useItem.minecraft.stone_slab2":8,"stat.craftItem.minecraft.stick":4,"stat.craftingTableInteraction":1,"stat.pickup.minecraft.rotten_flesh":4,"stat.craftItem.minecraft.planks":24,"stat.damageTaken":1249,"stat.useItem.futuremc.sweet_berries":17,"stat.mobKills":1,"stat.mineBlock.minecraft.log":131,"stat.pickup.futuremc.sweet_berries":23,"stat.flyOneCm":26392,"stat.deaths":3,"stat.playOneMinute":41587,"stat.useItem.lumberjack.wood_lumberaxe":118,"stat.sneakTime":359,"stat.damageDealt":228,"stat.timeSinceDeath":5471,"stat.pickup.minecraft.yellow_flower":1,"stat.mineBlock.minecraft.dirt":17,"stat.mineBlock.minecraft.tallgrass":2,"stat.diveOneCm":295}