{"stat.chestOpened":4,"stat.leaveGame":5,"stat.pickup.minecraft.arrow":2,"stat.pickup.minecraft.stone_pickaxe":2,"stat.mineBlock.minecraft.yellow_flower":1,"stat.useItem.minecraft.mutton":9,"stat.jump":1254,"stat.swimOneCm":2746,"stat.fallOneCm":27334,"stat.climbOneCm":1163,"stat.craftItem.lumberjack.wood_lumberaxe":2,"stat.pickup.minecraft.carrot":61,"stat.craftItem.minecraft.bread":6,"stat.crouchOneCm":6249,"stat.pickup.minecraft.spider_eye":2,"stat.pickup.minecraft.dirt":345,"stat.useItem.minecraft.dirt":143,"stat.useItem.minecraft.stone_slab2":24,"stat.craftingTableInteraction":4,"stat.pickup.minecraft.rotten_flesh":11,"stat.pickup.minecraft.stone_shovel":3,"stat.mineBlock.minecraft.glass_pane":1,"stat.damageTaken":3244,"stat.useItem.futuremc.sweet_berries":27,"stat.pickup.minecraft.leather":4,"stat.mineBlock.minecraft.furnace":2,"stat.useItem.minecraft.furnace":1,"stat.pickup.minecraft.cobblestone":28,"stat.pickup.futuremc.sweet_berries":35,"stat.useItem.minecraft.stone_shovel":322,"stat.flyOneCm":189742,"stat.pickup.minecraft.bed":2,"stat.pickup.minecraft.wheat_seeds":88,"stat.pickup.minecraft.potato":56,"stat.entityKilledBy.Zombie":1,"stat.useItem.minecraft.stone_pickaxe":31,"stat.damageDealt":2434,"stat.sleepInBed":4,"stat.timeSinceDeath":4408,"stat.killEntity.Cow":4,"stat.mineBlock.minecraft.dirt":341,"stat.pickup.minecraft.mutton":9,"stat.walkOneCm":233191,"stat.useItem.minecraft.bread":3,"stat.animalsBred":1,"stat.useItem.minecraft.potato":43,"stat.useItem.minecraft.cobblestone":2,"stat.craftItem.minecraft.crafting_table":1,"stat.mineBlock.minecraft.double_plant":10,"stat.mineBlock.futuremc.cornflower":3,"stat.talkedToVillager":3,"stat.pickup.minecraft.log":129,"stat.pickup.minecraft.string":5,"stat.pickup.minecraft.beef":8,"stat.pickup.minecraft.furnace":2,"stat.entityKilledBy.Skeleton":6,"stat.pickup.minecraft.stone":5,"stat.pickup.minecraft.chicken":1,"stat.pickup.minecraft.sapling":4,"stat.sprintOneCm":263751,"stat.craftItem.minecraft.stick":4,"stat.killEntity.Skeleton":1,"stat.craftItem.minecraft.planks":24,"stat.pickup.futuremc.cornflower":1,"stat.useItem.minecraft.wheat_seeds":57,"stat.killEntity.Spider":2,"stat.useItem.minecraft.carrot":31,"stat.mobKills":18,"stat.mineBlock.minecraft.log":131,"stat.useItem.minecraft.beef":6,"stat.deaths":10,"stat.drop":5,"stat.pickup.minecraft.egg":2,"stat.mineBlock.minecraft.leaves":5,"stat.playOneMinute":108599,"stat.useItem.lumberjack.wood_lumberaxe":118,"stat.killEntity.Sheep":6,"stat.sneakTime":4094,"stat.pickup.minecraft.wool":6,"stat.killEntity.Zombie":2,"stat.drop.minecraft.bread":3,"stat.drop.minecraft.yellow_flower":2,"stat.pickup.minecraft.yellow_flower":4,"stat.mineBlock.minecraft.stone":29,"stat.mineBlock.minecraft.tallgrass":80,"stat.diveOneCm":1521,"stat.pickup.minecraft.wheat":44}