{
  "minecraft:recipes/building_blocks/spruce_planks": {
    "criteria": {
      "has_log": "2024-10-26 13:01:48 +0000"
    },
    "done": true
  },
  "cfm:root": {
    "criteria": {
      "tick": "2024-10-26 13:00:02 +0000"
    },
    "done": true
  },
  "cfm:install": {
    "criteria": {
      "tick": "2024-10-26 13:00:02 +0000"
    },
    "done": true
  },
  "minecraft:adventure/adventuring_time": {
    "criteria": {
      "taiga": "2024-10-26 13:01:32 +0000",
      "taiga_hills": "2024-10-26 13:00:02 +0000"
    },
    "done": false
  }
}